[
  {
    "name": "fatima",
    "work": "Assistant Professor",
    "password": "abc"
  },
  {
    "name": "Sarvesh",
    "work": "Assistant Professor",
    "password": "ambala"
  },
  {
    "name": "ram",
    "work": "Assistant Professor",
    "password": "priya"
  },
  {
    "name": "Lakshmi",
    "work": "Asst Prof",
    "password": "Cmrit@123"
  },
  {
    "name": "afshan",
    "password": "abc123",
    "work": "Assistant Professor"
  },
  {
    "name": "sara",
    "password": "abc123",
    "work": "Assistant Professor"
  },
  {
    "name": "don",
    "password": "123456",
    "work": "professor"
  },
  {
    "name": "simran",
    "password": "abc",
    "work": "Assistant Professor"
  },
  {
    "name": "priya",
    "password": "123456789",
    "work": "professor"
  },
  {
    "name": "shiva",
    "password": "shiva",
    "work": "software"
  }
]